title,description
The Matrix,A hacker discovers a world of simulated reality.
John Wick,An ex-hitman seeks vengeance.
Inception,A thief enters people’s dreams to steal ideas.
Interstellar,A space team searches for a new home for humanity.
The Dark Knight,A vigilante battles crime in Gotham City.
The Godfather,A mafia boss passes power to his reluctant son.
Pulp Fiction,Two hitmen experience surreal crime and redemption.
The Prestige,Rival magicians battle with science and deception.
Memento,A man uses notes to track down his wife’s killer.
Fight Club,An office worker joins an underground fight club.
